"user_id","session_count"
"512693","8"
"385689","8"
"513241","8"
"513470","8"
"510459","8"
"513006","10"
"513568","8"
"511160","8"
"494463","8"
"511860","8"
"513402","8"
"510707","8"
"456663","9"
"512928","8"
"510490","8"
"511260","8"
"513425","9"
"510733","8"
"502609","9"
"476535","9"
"513422","8"
"509119","8"
"509598","8"
"512628","8"
"506837","8"
"509763","8"
"513089","8"
"514289","9"
"514324","9"
"513220","8"
"400275","8"
"511125","8"
"505667","9"
"486447","8"
"512589","8"
"513259","8"
"463698","8"
"509036","8"
"511238","8"
"494374","8"
"514660","8"
"507207","8"
"508938","8"
"509713","8"
"511455","8"
"380874","8"
"505285","8"
"513582","8"
"513926","8"
"512289","8"
"513438","8"
"401245","8"
"505771","9"
"378565","8"
"407250","8"
"514526","8"
"488410","8"
"510586","8"
"511148","8"
"509157","8"
"510195","8"
"509681","8"
"454955","8"
"425953","8"
"514113","8"
"514315","8"
"512706","11"
"511331","9"
"510805","8"
"511862","8"
"513216","9"
"504240","8"
"481554","9"
"510836","8"
"494441","8"
"504916","8"
"514627","8"
"487036","9"
"474980","8"
"488009","8"
"503418","9"
"471565","8"
"514210","9"
"512787","8"
"472446","8"
"452532","8"
"509052","8"
"512147","9"
"512623","8"
"511677","8"
"513555","9"
"510890","9"
"471717","8"
"512201","8"
"508857","8"
"418488","8"
"509635","8"
"512197","9"
"487715","8"
"509969","10"
"486268","8"
"491597","8"
"466342","8"
"511764","8"
"512204","8"
"476104","8"
"511314","9"
"511878","9"
"513659","8"
"509341","8"
"418692","10"
"509855","8"
"512598","8"
"511589","8"
"511998","8"
"508497","9"
"510537","10"
"507376","8"
"513967","9"
"481622","8"
"513227","10"
"509302","9"
"512303","8"
"509115","8"
"512999","8"
"471935","9"
"510511","8"
"509841","8"
"513826","10"
"510044","8"
"441448","8"
"491141","8"
"514318","8"
"512249","8"
"513509","8"
"512329","8"
"476693","8"
"513221","8"
"509645","8"
"454934","8"
"511542","8"
"510328","8"
"512495","8"
"512904","8"
"460072","8"
"508240","8"
"511424","8"
"509435","8"
"509419","8"
"510022","8"
"510243","8"
"509467","8"
"510545","8"
"477597","8"
"514501","8"
"510081","8"
"504299","8"
"508360","8"
"513791","8"
"431899","8"
"514460","8"
"474464","8"
"445351","8"
"512558","8"
"498574","8"
"482744","9"
"514003","8"
"485785","8"
"120851","8"
"420648","8"
"509162","9"
"447053","8"
"467339","8"
"511577","8"
"513776","9"
"450164","8"
"509069","8"
"435231","9"
"513742","8"
"510188","11"
"510219","8"
"492999","8"
"510156","8"
"489949","8"
"509282","9"
"432941","8"
"510580","8"
"482602","8"
"512402","9"
"469440","8"
"512418","8"
"510558","9"
"483345","8"
"476714","8"
"509414","8"
"514235","8"
"509459","8"
"514021","8"
"512536","8"
"514623","8"
"511552","8"
"454661","8"
"512193","8"
"469824","8"
"513103","8"
"514675","9"
"507759","8"
"514503","8"
"511122","8"
"512322","8"
"507531","9"
"508866","8"
"510379","8"
"513387","8"
"503342","8"
"510494","9"
"509826","9"
"485505","8"
"510198","9"
"513289","8"
"498607","8"
"506675","8"
"512060","9"
"512922","8"
"425966","8"
"382181","8"
"511219","8"
"487040","8"
"506347","8"
"489661","8"
"510108","9"
"491559","8"
"489786","8"
"513497","8"
"511884","8"
"510700","9"
"375751","8"
"509354","8"
"510112","8"
"482621","8"
"512069","8"
"483603","9"
"359080","8"
"508973","9"
"479785","8"
"467092","8"
"497829","8"
"487858","8"
"511364","8"
"510257","8"
"512846","8"
"510134","8"
"510423","8"
"511739","9"
"510946","8"
"512556","9"
"23557","8"
"511803","8"
"512945","8"
"513714","8"
"508912","8"
"513031","9"
"509242","8"
"389434","8"
"509402","8"
"511809","8"
"512691","8"
"471687","9"
"468808","8"
"511989","8"
"482264","8"
"511680","8"
"511638","8"
"511502","10"
"509202","8"
"509221","9"
"512974","9"
"512266","8"
"512103","8"
"512163","8"
"514076","9"
"513366","8"
"513683","8"
"511916","8"
"491925","8"
"460181","8"
"514515","8"
"512190","8"
"512791","8"
"513796","8"
"509765","9"
"510543","8"
"513627","8"
"510393","8"
"512010","8"
"443453","8"
"514342","8"
"361759","9"
"488430","8"
"513638","8"
"508829","8"
"513953","9"
"514689","8"
"487352","8"
"509001","8"
"510067","9"
"447591","8"
"514642","8"
"468801","8"
"509516","9"
"511772","8"
"510953","8"
"513408","8"
"513661","8"
"509272","8"
"514261","8"
"513995","8"
"513721","9"
"505289","8"
"511977","8"
"514395","8"
"511549","8"
"511208","8"
"510815","9"
"509990","8"
"510164","8"
"509515","9"
"478188","8"
"476916","8"
"468370","8"
"508901","8"
"512801","8"
"511469","8"
"313724","8"
"510238","8"
"512655","9"
"433080","8"
"511379","9"
"452612","8"
"510078","10"
"513956","8"
"509552","8"
"506427","9"
"511821","8"
"512880","8"
"510571","8"
"506186","8"
"448467","9"
"512392","9"
"510094","8"
"512099","9"
"488539","8"
"511613","8"
"498357","8"
"467007","8"
"512243","9"
"512416","8"
"488480","8"
"466723","8"
"512144","9"
"509638","8"
"421515","8"
"512305","8"
"510822","9"
"509781","9"
"514617","8"
"509353","9"
"511697","8"
"513261","9"
"473332","8"
"484342","8"
"514167","8"
"509712","8"
"514370","8"
"505933","8"
"513058","8"
"488511","8"
"510283","8"
"511126","9"
"453143","8"
"437069","8"
"513787","8"
"512552","8"
"513381","8"
"483480","8"
"499669","10"
"513030","8"
"512831","8"
"471077","8"
"512529","8"
"512078","8"
"473343","8"
"513339","8"
"388767","8"
"491003","8"
"474007","8"
"512283","9"
"348863","8"
"501708","8"
"513242","10"
"511326","8"
"229108","8"
"514461","8"
"511298","8"
"511609","8"
"512377","9"
"511784","9"
"512680","8"
"510944","8"
"511578","8"
"493409","8"
"513620","9"
"510172","8"
"510093","8"
"430722","8"
"512440","8"
"509822","8"
"508923","8"
"438839","8"
"510686","8"
"483525","8"
"513096","8"
"514002","8"
"508946","8"
"512887","8"
"510048","8"
"511910","8"
"514639","8"
"510779","8"
"512028","8"
"512397","10"
"504665","9"
"511859","8"
"511902","9"
"448564","8"
"510841","10"
"481358","8"
"510356","8"
"460553","8"
"509411","8"
"512302","8"
"489785","9"
"512596","8"
"502826","8"
"514023","8"
"511587","8"
"482548","8"
"167852","8"
"513917","8"
"505680","8"
"476124","8"
"508944","8"
"512301","8"
"511397","9"
"513317","8"
"389662","8"
"443652","8"
"511923","8"
"501764","8"
"512271","9"
"509024","8"
"449980","8"
"434238","8"
"510694","9"
"508964","8"
"511504","8"
"509892","8"
"510575","8"
"511554","9"
"365825","8"
"509098","9"
"514275","8"
"513397","8"
"512362","9"
"514071","8"
"509413","8"
"513347","10"
"512009","8"
"511145","8"
"512695","8"
"508877","9"
"508144","8"
"508848","8"
"442718","8"
"512443","8"
"504859","8"
"479101","8"
"514589","8"
"511433","9"
"509278","8"
"471500","8"
"512848","8"
"428858","8"
"511726","8"
"441457","8"
"511827","8"
"513004","8"
"513233","9"
"510114","8"
"509749","8"
"437539","8"
"511800","8"
"512447","8"
"447951","8"
"507573","8"
"510369","8"
"514133","8"
"510618","8"
"511398","8"
"490107","8"
"447737","8"
"514164","10"
"513875","8"
"264470","8"
"512984","8"
"508891","8"
"513345","9"
"513860","8"
"509530","8"
"509626","8"
"510239","8"
"490358","8"
"511178","8"
"499475","8"
"422668","8"
"512463","8"
"509061","8"
"511567","8"
"511778","8"
"511140","8"
"513569","9"
"510972","8"
"511570","8"
"512900","9"
"511195","8"
"512063","8"
"476956","8"
"513091","9"
"472614","8"
"503773","8"
"513761","8"
"514053","8"
"513823","8"
"458855","9"
"349132","9"
"510585","8"
"511712","8"
"494484","8"
"510828","9"
"510179","8"
"511017","8"
"511757","8"
"510003","8"
"514300","8"
"441205","8"
"499659","8"
"510316","8"
"507133","8"
"483237","8"
"513322","9"
"509919","8"
"512295","8"
"510533","8"
"512696","8"
"513933","8"
"512419","8"
"510227","8"
"507505","9"
"511093","8"
"511783","8"
"508849","8"
"501780","8"
"431144","8"
"510719","9"
"510213","8"
"510899","10"
"469237","8"
"513869","8"
"513807","8"
"457599","8"
"382384","8"
"514344","9"
"512671","8"
"149058","8"
"464160","8"
"505414","8"
"485544","8"
"513005","8"
"510365","8"
"465568","8"
"508892","8"
"469418","8"
"499028","8"
"217114","9"
"510582","8"
"511328","8"
"513628","8"
"510610","8"
"510270","8"
"485393","8"
"440655","8"
"508917","8"
"513026","8"
"510315","8"
"513543","8"
"505713","8"
"489131","8"
"512786","8"
"473467","9"
"509453","8"
"511811","8"
"511399","9"
"510061","8"
"513164","8"
"512826","8"
"514682","9"
"513546","8"
"514457","10"
"513853","9"
"496972","9"
"511066","8"
"513800","8"
"512704","8"
"509346","8"
"513495","8"
"509924","9"
"512780","9"
"510185","8"
"511568","8"
"510079","9"
"513844","8"
"494294","8"
"510090","8"
"513611","8"
"510163","8"
"481781","9"
"513625","8"
"511666","8"
"511608","8"
"478291","8"
"513237","8"
"509717","8"
"513093","8"
"436320","8"
"513138","8"
"511665","8"
"488974","8"
"474261","8"
"491266","8"
"505230","8"
"513296","8"
"479254","9"
"511560","8"
"299476","9"
"514208","8"
"490201","8"
"514684","8"
"511762","8"
"513441","8"
"508856","8"
"510343","9"
"511142","8"
"512173","8"
"510676","8"
"509603","8"
"510104","8"
"449033","9"
"507617","9"
"511223","10"
"512148","8"
"514551","10"
"509324","9"
"438596","8"
"511489","8"
"511943","8"
"510960","8"
"509445","8"
"514206","8"
"512024","8"
"499379","9"
"187212","8"
"508860","8"
"512835","8"
"408551","9"
"514215","8"
"465138","8"
"456226","8"
"510754","8"
"479078","8"
"510570","9"
"513206","8"
"514586","9"
"511377","8"
"512888","8"
"513613","8"
"509876","8"
"509160","8"
"461559","8"
"511418","8"
"501947","10"
"506858","8"
"480895","8"
"478585","8"
"509933","8"
"509498","8"
"511851","9"
"514132","8"
"513090","9"
"499760","8"
"474546","8"
"509359","8"
"512943","8"
"486261","8"
"514384","8"
"512587","8"
"449326","8"
"298253","8"
"507728","8"
"490608","9"
"404879","8"
"482630","8"
"512016","9"
"507395","9"
"513126","8"
"507036","8"
"510452","8"
"514638","8"
"511055","8"
"513964","8"
"508940","9"
"511805","9"
"512631","8"
"438937","8"
"442833","8"
"510326","8"
"512976","8"
"504786","8"
"481050","8"
"510170","8"
"510449","9"
"489992","8"
"511936","8"
"514337","9"
"511996","8"
"509316","8"
"513338","8"
"444885","8"
"510418","9"
"512677","8"
"510961","8"
"512294","8"
"496899","8"
"509421","9"
"509454","8"
"509903","8"
"476742","8"
"513856","8"
"431912","8"
"421870","8"
"420669","8"
"510070","8"
"511440","8"
"510215","9"
"513236","8"
"478801","10"
"423413","8"
"513602","8"
"464614","8"
"511535","8"
"466205","8"
"510155","8"
"499038","8"
"469699","9"
"512610","9"
"473847","8"
"741902","8"
"522809","8"
"667981","8"
"533497","8"
"736833","8"
"418329","8"
"545745","8"
"535795","8"
"700666","8"
"516092","9"
"593536","8"
"542208","8"
"566762","9"
"516001","9"
"437162","8"
"541878","8"
"497108","8"
"652527","8"
"613874","8"
"547951","8"
"528612","8"
"586637","8"
"555187","8"
"681720","8"
"552303","8"
"530667","9"
"508153","8"
"506704","8"
"555478","8"
"517739","8"
"523710","9"
"540819","9"
"558774","8"
"537066","8"
"532433","8"
"599244","8"
"616802","8"
"516273","8"
"526683","8"
"371201","8"
"589164","8"
"486671","8"
"520780","8"
"580626","9"
"599649","8"
"644870","9"
"515131","9"
"568463","9"
"501794","8"
"582482","9"
"559194","8"
"562576","8"
"495592","9"
"561707","8"
"495603","8"
"506652","8"
"599454","8"
"548408","8"
"518015","8"
"552726","9"
"435837","8"
"602656","8"
"617407","8"
"548587","8"
"630607","8"
"578058","8"
"600886","9"
"532361","8"
"586257","8"
"516579","8"
"675053","8"
"503277","8"
"659832","8"
"534661","8"
"582446","8"
"578872","8"
"575711","9"
"600304","8"
"580578","9"
"603440","8"
"516178","8"
"549357","9"
"529845","10"
"589171","10"
"537819","8"
"530371","8"
"556744","8"
"595257","8"
"539519","8"
"536212","8"
"527735","8"
"538915","8"
"523845","8"
"600750","8"
"598526","8"
"658528","8"
"573040","8"
"557496","8"
"577089","8"
"717149","9"
"609683","8"
"591255","8"
"489953","8"
"559537","8"
"538522","8"
"519957","8"
"493476","8"
"522484","10"
"590429","8"
"556621","8"
"545981","8"
"566002","8"
"614793","8"
"569534","9"
"546485","8"
"537860","8"
"526445","9"
"552558","8"
"550022","8"
"554163","8"
"504435","8"
"525212","8"
"468832","8"
"498298","8"
"506250","8"
"623935","9"
"526365","8"
"582785","8"
"534380","8"
"515666","8"
"519911","9"
"543778","8"
"557956","8"
"554269","10"
"549293","8"
"524076","8"
"553017","8"
"359072","8"
"580895","8"
"545577","8"
"563343","8"
"540244","8"
"374331","8"
"557957","9"
"517330","8"
"542383","8"
"568713","8"
"581110","8"
"615266","8"
"556906","8"
"515874","9"
"745292","8"
"534351","9"
"506828","8"
"524194","8"
"548422","8"
"543937","8"
"581577","8"
"571553","8"
"516841","8"
"619520","9"
"535007","8"
"529689","9"
"552314","8"
"553985","8"
"567906","9"
"564736","8"
"588820","8"
"571876","8"
"546664","8"
"516246","9"
"508625","8"
"652040","8"
"570144","8"
"589775","8"
"634739","8"
"526495","9"
"537922","8"
"564312","8"
"659664","8"
"594446","8"
"605578","8"
"520771","8"
"530743","8"
"540147","8"
"554079","8"
"228872","8"
"566650","8"
"553773","9"
"615544","8"
"505172","8"
"638162","8"
"618535","8"
"672112","8"
"530754","9"
"524419","9"
"485894","8"
"522375","8"
"538438","8"
"741773","8"
"560078","8"
"537725","8"
"590442","8"
"515675","9"
"535473","8"
"757930","8"
"526443","8"
"527564","8"
"476081","8"
"507513","12"
"554922","8"
"627729","8"
"290123","9"
"522112","8"
"595283","8"
"558682","9"
"529879","8"
"590468","8"
"552372","8"
"632316","8"
"572428","9"
"195192","8"
"520491","8"
"541162","9"
"413128","10"
"590230","8"
"457967","8"
"583016","8"
"499366","8"
"563956","8"
"519961","9"
"630609","8"
"520497","8"
"535906","8"
"541967","8"
"539855","8"
"546774","8"
"545763","8"
"517894","8"
"548967","9"
"544367","8"
"550871","8"
"564052","8"
"478146","8"
"524116","8"
"518894","8"
"686920","8"
"515051","9"
"669348","8"
"496286","8"
"542965","9"
"542282","8"
"551804","8"
"476173","8"
"556904","8"
"565487","8"
"724581","8"
"520920","9"
"546008","8"
"521416","8"
"548037","8"
"533990","8"
"580658","8"
"524511","9"
"540302","10"
"526565","9"
"515058","8"
"499375","8"
"380949","8"
"554866","9"
"531967","8"
"517150","8"
"609102","8"
"534391","8"
"486191","8"
"546937","8"
"573379","9"
"572591","8"
"587483","8"
"573427","8"
"592707","8"
"660959","8"
"521587","8"
"458919","8"
"528179","8"
"542015","8"
"597498","8"
"586721","8"
"518956","9"
"562362","8"
"614814","8"
"582333","8"
"549611","9"
"546679","8"
"642578","8"
"622813","8"
"676373","8"
"618343","8"
"545010","9"
"538274","8"
"524365","9"
"551211","8"
"533537","9"
"586850","8"
"519955","8"
"524572","9"
"586820","8"
"433905","8"
"541988","9"
"577667","8"
"686165","8"
"551468","8"
"540029","8"
"566547","9"
"514737","8"
"588391","8"
"556714","8"
"538529","8"
"584666","9"
"524620","10"
"540455","8"
"516679","8"
"656626","8"
"592792","9"
"527004","8"
"516507","8"
"522873","8"
"581343","8"
"561031","8"
"598069","8"
"542663","8"
"640451","8"
"525848","9"
"584115","8"
"530906","8"
"557815","8"
"434623","8"
"594516","9"
"571084","9"
"331039","8"
"464782","8"
"549623","8"
"539888","8"
"559068","9"
"545318","8"
"552532","8"
"801660","8"
"519747","8"
"546587","8"
"574465","8"
"590412","8"
"568696","9"
"538331","8"
"599927","8"
"591593","8"
"666718","8"
"495272","9"
"545736","8"
"785186","8"
"584844","8"
"529421","8"
"549116","8"
"548123","8"
"537212","8"
"602476","8"
"533388","8"
"631970","8"
"575528","9"
"529284","8"
"589884","8"
"555083","8"
"516967","8"
"530672","8"
"619938","9"
"517415","8"
"586096","8"
"615783","8"
"596732","8"
"557492","8"
"532637","8"
"565826","8"
"536658","8"
"529513","8"
"518827","8"
"521185","8"
"523442","8"
"537123","8"
"515694","8"
"607197","8"
"583190","8"
"529781","8"
"556019","9"
"542843","8"
"552732","8"
"560362","8"
"516006","8"
"552598","9"
"532387","8"
"600265","8"
"516732","10"
"532653","8"
"523077","8"
"591835","9"
"526372","8"
"522237","9"
"495273","8"
"590394","8"
"627972","8"
"535051","8"
"537317","8"
"517486","10"
"586272","8"
"522315","8"
"549777","8"
"651828","9"
"534066","8"
"539320","9"
"534045","8"
"520152","9"
"598832","8"
"522911","8"
"500288","8"
"563489","8"
"554357","8"
"539542","8"
"561333","8"
"639571","8"
"527232","8"
"399218","8"
"428056","8"
"521510","8"
"569300","10"
"557402","8"
"520250","8"
"537676","8"
"526690","8"
"625089","8"
"523787","8"
"520556","8"
"552348","8"
"521335","8"
"501817","9"
"502875","8"
"558277","8"
"501344","8"
"531650","8"
"533617","9"
"649935","8"
"566173","8"
"571643","8"
"526174","8"
"517324","8"
"612797","8"
"544495","8"
"528490","9"
"499810","9"
"521609","8"
"628694","9"
"538680","8"
"563335","8"
"523505","8"
"523666","8"
"575051","8"
"544680","8"
"555784","8"
"526291","8"
"646933","8"
"553754","8"
"522981","8"
"526354","9"
"522761","8"
"632965","8"
"533490","8"
"578993","8"
"685604","8"
"638576","8"
"621113","8"
"524318","8"
"520480","8"
"537393","8"
"538197","8"
"527536","8"
"584591","8"
"526431","9"
"695307","8"
"596559","8"
"572992","9"
"435882","9"
"563588","9"
"606862","8"
"535942","8"
"553783","8"
"523098","8"
"561994","8"
"535099","8"
"553938","8"
"567243","8"
"526900","8"
"636873","8"
"526256","8"
"524172","9"
"695094","8"
"480877","8"
"534903","9"
"540138","9"
"653197","8"
"536566","8"
"536035","8"
"519430","8"
"654395","9"
"518354","8"
"518925","8"
"487453","8"
"620394","8"
"686915","8"
"558081","8"
"608727","8"
"556579","8"
"528322","8"
"615674","8"
"217136","8"
"517968","8"
"503621","8"
"554299","8"
"506777","8"
"562315","9"
"665887","8"
"567885","8"
"534825","8"
"575419","8"
"551278","8"
"573670","8"
"633195","8"
"528354","8"
"583454","8"
"442812","8"
"532607","9"
"628570","8"
"558294","8"
"540308","8"
"564854","8"
"655300","8"
"438189","9"
"542194","8"
"617878","8"
"491930","8"
"673874","8"
"587810","8"
"573720","8"
"573621","9"
"527109","8"
"531745","8"
"518722","8"
"553664","8"
"492371","8"
"527154","8"
"608786","8"
"610905","8"
"556067","8"
"539209","8"
"568602","9"
"532901","8"
"633972","8"
"529082","8"
"586829","8"
"538426","8"
"541699","10"
"517403","9"
"528417","8"
"530720","8"
"592929","8"
"561652","8"
"540347","8"
"572176","8"
"575576","8"
"546740","8"
"572554","9"
"546756","8"
"576849","8"
"588048","8"
"530978","9"
"549733","8"
"515344","8"
"406210","8"
"543165","9"
"440212","8"
"659161","8"
"562275","8"
"517543","9"
"557107","8"
"545684","8"
"536964","8"
"525053","8"
"545089","8"
"555334","9"
"660110","8"
"523256","8"
"541061","8"
"579783","9"
"613164","8"
"567558","8"
"526235","8"
"568093","8"
"521192","8"
"537227","8"
"559473","8"
"527470","8"
"528455","9"
"671151","8"
"531847","8"
"580944","8"
"651941","8"
"636526","8"
"529857","9"
"587754","9"
"531027","9"
"495727","8"
"585946","8"
"544604","8"
"573698","9"
"560929","10"
"572578","8"
"557005","8"
"570746","8"
"551448","8"
"606283","8"
"497678","9"
"519718","8"
"574003","9"
"570693","8"
"546131","8"
"579707","9"
"534971","8"
"577356","8"
"518535","9"
"539267","8"
"574840","8"
"602598","8"
"525308","8"
"590077","8"
"559071","8"
"524821","8"
"569572","8"
"529840","8"
"518645","8"
"552734","8"
"594644","8"
"572529","8"
"589162","9"
"465343","8"
"520762","8"
"610763","8"
"538319","8"
"330893","8"
"523612","8"
"575823","9"
"553456","8"
"536651","8"
"380757","8"
"593672","8"
"532656","8"
"533357","8"
"595183","9"
"559432","8"
"568536","8"
"516543","8"
"517674","9"
"561642","8"
"555484","8"
"558988","8"
"533291","8"
"504669","8"
"442484","8"
"432333","8"
"574419","8"
"537414","8"
"598881","8"
"541972","8"
"542056","8"
"562108","8"
"604592","8"
"534957","8"
"665505","8"
"562888","8"
"557851","8"
"574409","8"
"545226","8"
"565510","9"
"516616","8"
"734565","8"
"529520","8"
"682005","9"
"559846","9"
"528098","9"
"598911","8"
"566787","8"
"614595","8"
"576962","8"
"551718","8"
"598276","9"
"503483","8"
"530282","8"
"533251","8"
"499847","9"
"500078","8"
"515764","8"
"519091","8"
"612220","8"
"518751","8"
"488462","8"
"322867","8"
"616461","8"
"578120","8"
"505358","8"
"514931","9"
"539093","8"
"567052","8"
"576357","8"
"656560","8"
"532623","8"
"524940","8"
"564364","8"
"528330","8"
"686509","8"
"585595","8"
"558394","9"
"551615","8"
"641529","8"
"521062","9"
"545281","9"
"581527","9"
"464855","8"
"560508","8"
"548222","8"
"543352","8"
"563731","8"
"569180","8"
"532073","9"
"641012","8"
"449804","8"
"544015","8"
"543810","8"
"517438","9"
"543968","8"
"596335","8"
"591328","8"
"550071","8"
"536604","8"
"501512","8"
"548978","8"
"575733","8"
"519726","8"
"581239","8"
"535047","8"
"578892","8"
"631201","8"
"557055","8"
"517676","8"
"526062","8"
"595431","8"
"562192","8"
"621849","8"
"543694","8"
"549154","8"
"619988","8"
"603100","8"
"527944","8"
"593350","8"
"617606","8"
"503760","8"
"612976","8"
"552209","8"
"552036","9"
"435669","8"
"526471","8"
"526570","8"
"619971","8"
"516798","8"
"542080","8"
"550805","8"
"501125","8"
"539008","8"
"491124","8"
"575561","8"
"705310","8"
"542767","8"
"564100","8"
"205044","9"
"531253","8"
"574513","8"
"517061","10"
"492209","8"
"602748","8"
"657122","9"
"538458","8"
"534246","8"
"515330","8"
"568486","8"
"520397","9"
"520878","9"
"533393","9"
"572502","8"
"554507","8"
"635587","8"
"544163","8"
"536574","8"
"552432","8"
"545551","8"
"620690","8"
"538677","8"
"573946","8"
"517467","8"
"523209","8"
"551834","8"
"546437","8"
"651274","8"
"589977","8"
"538321","8"
"522633","8"
"530374","9"
"574206","8"
"614668","8"
"588370","8"
"539010","8"
"523619","8"
"545070","9"
"544818","8"
"566998","8"
"663565","8"
"547966","8"
"532159","8"
"534105","8"
"530453","9"
"541112","8"
"425653","8"
"651818","8"
"588013","8"
"544414","8"
"563691","8"
"544868","8"
"515060","9"
"523454","8"
"562283","8"
"526206","8"
"556533","8"
"581412","8"
"525555","9"
"536016","8"
"541980","8"
"547070","8"
"670971","8"
"504473","8"
"611887","8"
"532381","9"
"549359","8"
"520898","8"
"584001","8"
"704870","9"
"524885","8"
"528743","8"
"689984","8"
"537412","8"
"635949","8"
"571566","8"
"528930","8"
"563021","8"
"524244","8"
"530773","8"
"549579","8"
"569458","8"
"481772","8"
"563592","8"
"543081","8"
"585250","8"
"561710","9"
"534333","9"
"527142","8"
"520733","8"
"516680","8"
"557875","8"
"564822","8"
"577539","8"
"563410","8"
"601094","8"
"536170","9"
"541001","8"
"558851","8"
"500196","8"
"621150","8"
"535035","8"
"491706","8"
"516086","10"
"526759","8"
"533716","8"
"516217","8"
"552944","8"
"666049","8"
"684521","8"
"554289","8"
"421666","8"
"486366","8"
"535177","8"
"482424","9"
"524412","9"
"543385","8"
"525975","8"
"543273","9"
"472966","9"
"550400","8"
"608287","8"
"575131","8"
"555563","9"
"531499","8"
"521211","8"
"546972","9"
"534378","8"
"636520","8"
"714565","9"
"577208","8"
"421700","8"
"502145","10"
"624497","8"
"600833","8"
"550077","8"
"521884","8"
"615922","8"
"541326","9"
"471946","8"
"616950","8"
"517776","8"
"575908","10"
"532329","8"
"528688","8"
"521379","8"
"602918","8"
"375729","8"
"564606","8"
"517076","8"
"533782","8"
"635790","8"
"562886","8"
"592371","8"
"508693","8"
"526628","8"
"561288","8"
"527490","8"
"540614","8"
"532410","8"
"519014","8"
"396552","8"
"565910","8"
"569817","8"
"529048","9"
"551241","8"
"517548","8"
"514980","8"
"216796","8"
"562010","8"
"537904","8"
"576985","8"
"524909","8"
"543375","9"
"621665","9"
"523474","9"
"515200","8"
"614165","8"
"651390","8"
"532312","8"
"638600","8"
"508111","8"
"623417","8"
"551908","8"
"501830","9"
"531511","9"
"531989","8"
"559695","8"
"555656","8"
"530627","8"
"561339","8"
"555250","8"
"133058","8"
"487276","8"
"560257","10"
"530775","8"
"561519","8"
"519846","9"
"527019","8"
"575774","8"
"586122","8"
"527552","9"
"601104","8"
"402332","8"
"560680","8"
"549482","8"
"533755","8"
"527132","8"
"700289","8"
"569792","8"
"595171","8"
"532215","9"
"539140","9"
"567589","8"
"519695","8"
"555428","8"
"496382","8"
"551890","8"
"568970","8"
"515516","8"
"524628","8"
"570439","8"
"557986","10"
"520770","8"
"525356","8"
"588507","8"
"614632","8"
"548651","8"
"534474","9"
"623142","8"
"622708","8"
"586251","8"
"564204","8"
"538084","8"
"515645","8"
"553054","8"
"598692","8"
"473712","8"
"539493","9"
"623949","8"
"561945","8"
"580211","8"
"530579","9"
"606930","9"
"518826","8"
"549190","8"
"515020","8"
"688312","8"
"530188","9"
"567342","8"
"545771","8"
"600796","8"
"530949","8"
"558018","8"
"508096","9"
"528244","8"
"614748","8"
"438406","8"
"520248","8"
"522426","8"
"504579","8"
"638580","8"
"534608","9"
"403881","8"
"591888","8"
"612236","8"
"583483","8"
"504936","9"
"514830","9"
"542189","9"
"578886","9"
"572397","8"
"340166","8"
"560279","8"
"702595","8"
"515586","9"
"637555","8"
"376159","8"
"585583","9"
"666174","8"
"550754","10"
"527857","8"
"533932","8"
"540837","8"
"548434","9"
"547938","8"
"547100","8"
"639510","9"
"583955","8"
"642786","8"
"584134","8"
"538944","8"
"520358","8"
"548258","9"
"541921","8"
"499313","8"
"526184","8"
"548006","8"
"515854","8"
"553904","8"
"517142","8"
"677896","8"
"543437","9"
"516694","9"
"515421","8"
"527344","10"
"586631","8"
"529229","9"
"646127","8"
"529502","8"
"554801","8"
"519248","8"
"625597","8"
"357737","8"
"567943","9"
"518642","9"
"557921","8"
"548708","8"
"533222","8"
"534688","8"
"519406","8"
"529831","8"
"610482","8"
"521250","8"
"669449","8"
"580971","9"
"552643","8"
"521060","8"
"515258","8"
"468666","10"
"461744","9"
"528999","8"
"478834","8"
"551488","8"
"373489","9"
"522748","9"
"516933","8"
"581409","8"
"578488","8"
"627436","9"
"598075","8"
"573792","8"
"590954","8"
"590014","8"
"516105","8"
"573564","8"
"527389","8"
"532810","8"
"707402","9"
"517925","9"
"491175","10"
"583134","8"
"524098","8"
"559441","9"
"528909","8"
"545629","9"
"739139","8"
"604388","8"
"558651","8"
"590905","8"
"515901","9"
"567651","10"
"546280","9"
"533283","10"
"588582","8"
"537038","9"
"556900","8"
"446138","8"
"560497","9"
"589489","8"
"400582","8"
"596361","8"
"578607","9"
"514785","8"
"564842","8"
"579404","8"
"537373","9"
"518347","8"
"480975","8"
"564495","8"
"623043","8"
"557036","8"
"543716","10"
"565508","8"
"522939","8"
"540014","8"
"565601","8"
"521065","8"
"536086","8"
"515274","8"
"593910","8"
"576677","9"
"671368","8"
"532742","8"
"596220","9"
"522533","8"
"584537","8"
"572669","9"
"549121","8"
"621291","8"
"520947","8"
"631872","9"
"533123","9"
"531807","9"
"474120","8"
"544447","8"
"536641","8"
"520561","8"
"502626","8"
"550482","8"
"531143","8"
"523981","8"
"608521","9"
"539916","8"
"516583","8"
"505498","8"
"585986","8"
"570945","8"
"562334","9"
"763129","8"
"546842","8"
"596186","8"
"625703","8"
"601673","8"
"517715","8"
"504945","9"
"522476","8"
"524607","8"
"751545","8"
"563162","8"
"530581","8"
"535459","8"
"548448","8"
"518582","8"
"521295","8"
"569754","8"
"528028","8"
"566533","8"
"614092","8"
"330764","8"
"577115","8"
"536763","8"
"656850","8"
"530649","9"
"573518","8"
"630097","8"
"527130","8"
"481292","8"
"459229","8"
"585310","8"
"316527","8"
"572898","9"
"554632","8"
"566999","9"
"563740","8"
"515634","8"
"521865","9"
"556417","8"
"425632","8"
"533985","8"
"518044","9"
"515398","9"
"536474","9"
"534858","8"
"528186","8"
"527197","8"
"479071","9"
"540260","9"
"651018","8"
"532941","8"
"569335","8"
"559863","8"
"601582","8"
"518084","8"
"499633","8"
"548859","8"
"536652","8"
"507431","8"
"551576","8"
"571429","9"
"567547","8"
"521187","9"
"593494","8"
"544683","8"
"515530","8"
"562832","10"
"551023","8"
"519353","8"
"516177","8"
"450615","8"
"523735","9"
"708887","8"
"531054","8"
"607524","8"
"785107","8"
"525332","8"
"560015","8"
"536659","8"
"535791","8"
"524031","8"
"535063","9"
"413658","8"
"524052","8"
"407118","8"
"519888","8"
"564792","8"
"529019","8"
"552366","8"
"530427","8"
"664663","9"
"541505","8"
"549746","8"
"556827","8"
"610793","8"
"514899","9"
"530869","8"
"543817","8"
"545510","8"
"518585","8"
"540199","10"
"626986","8"
"548504","8"
"537413","9"
"532823","9"
"585231","8"
"545754","8"
"472713","9"
"524383","8"
"632239","8"
"519722","8"
"456318","8"
"484987","8"
"559368","8"
"544333","10"
"537507","9"
"595897","8"
"506234","9"
"643324","8"
"519357","9"
"590471","10"
"544647","8"
"523860","8"
"503049","8"
"449619","8"
"574625","8"
"571560","8"
"560915","8"
"574794","8"
"552653","9"
"558506","8"
"232647","8"
"538432","8"
"559107","8"
"529420","9"
"531663","9"
"498199","8"
"570625","8"
"534793","8"
"464597","8"
"549274","8"
"502210","8"
"519117","8"
"541040","9"
"527928","8"
"610294","9"
"567390","8"
"574279","9"
"519687","9"
"528122","8"
"532347","8"
"768291","8"
"549894","9"
"531735","8"
"515139","10"
"585492","8"
"529602","8"
"578396","8"
"575868","8"
"525377","9"
"553901","8"
"553645","8"
"543271","9"
"535189","8"
"590202","8"
"608820","8"
"587698","9"
"527445","8"
"555960","8"
"594188","8"
"545345","8"
"653228","8"
"521941","8"
"530039","8"
"505916","8"
"507557","8"
"599909","8"
"596349","8"
"556268","8"
"560213","8"
"534948","8"
"525281","8"
"522364","8"
"568641","8"
"415282","8"
"536275","8"
"589306","8"
"532725","8"
"596611","8"
"565827","9"
"555151","8"
"586006","8"
"540572","8"
"628752","8"
"520821","8"
"548109","8"
"399137","8"
"586458","8"
"532863","8"
"527585","8"
"546529","10"
"580212","8"
"844489","8"
"507435","8"
"439363","8"
"530329","10"
"651193","8"
"555147","9"
"562042","8"
"545132","8"
"517105","9"
"224996","8"
"531884","8"
"531994","8"
"377411","8"
"557887","8"
"548653","8"
"546847","9"
"545247","8"
"491241","8"
"647674","8"
"519897","8"
"569466","8"
"523717","9"
"530625","8"
"552904","8"
"520429","8"
"542874","8"
"589228","8"
"545810","8"
"634795","8"
"535024","8"
"605780","8"
"629725","8"
"549367","8"
"626318","9"
"645168","8"
"515578","8"
"518533","8"
"588103","8"
"592378","8"
"226367","8"
"551967","8"
"540319","8"
"544839","8"
"519561","8"
"627889","8"
"550105","8"
"538463","8"
"520783","8"
"525081","9"
"599999","8"
"546867","8"
"670471","8"
"558019","8"
"517545","8"
"561699","8"
"531109","8"
"535497","8"
"560897","8"
"611350","8"
"504371","8"
"438551","8"
"555275","8"
"529695","9"
"560367","9"
"538976","8"
"463910","8"
"594406","8"
"646197","8"
"562338","8"
"545958","9"
"568101","8"
"518612","8"
"535912","8"
"552573","8"
"571757","8"
"572396","8"
"554026","8"
"666292","8"
"560035","8"
"527158","8"
"520311","8"
"554217","8"
"524120","8"
"545209","8"
"519205","8"
"508367","9"
"557298","8"
"648379","8"
"516269","9"
"566196","8"
"520307","8"
"566953","9"
"651675","8"
"525610","8"
"563544","8"
"653332","9"
"496016","8"
"577145","9"
"498154","8"
"615489","8"
"553568","8"
"559772","8"
"704652","8"
"547761","8"
"522465","8"
"605311","8"
"458762","9"
"353271","8"
"544480","9"
"490133","8"
"594737","8"
"553559","8"
"530199","8"
"589868","8"
"501087","8"
"520256","8"
"581491","9"
"560125","8"
"533048","8"
"552440","8"
"588919","8"
"667643","8"
"544271","9"
"570076","8"
"558966","9"
"570782","8"
"628671","8"
"530004","8"
"588497","8"
"566044","8"
"545758","8"
"515202","9"
"680735","8"
"524043","8"
"523271","8"
"518567","9"
"516593","10"
"596153","8"
"671367","8"
"538454","9"
"586887","8"
"605494","8"
"374341","8"
"515240","8"
"520170","8"
"495386","8"
"542366","8"
"616795","8"
"544926","9"
"540226","8"
"616992","8"
"550019","9"
"515198","8"
"556395","8"
"576159","9"
"546395","8"
"545208","9"
"536050","8"
"695011","9"
"604136","8"
"609838","8"
"594146","8"
"539899","8"
"583526","9"
"506611","8"
"618157","8"
"588893","8"
"598691","8"
"596856","8"
"595284","8"
"519096","8"
"589121","9"
"520882","8"
"571454","8"
"523559","8"
"553704","8"
"548391","8"
"522654","8"
"528844","9"
"518012","8"
"574134","8"
"557314","8"
"533908","9"
"530379","10"
"562708","8"
"337227","8"
"543557","8"
"671975","8"
"669140","9"
"549290","8"
"518867","8"
"566881","8"
"528929","8"
"561665","8"
"559468","8"
"691541","8"
"545399","9"
"515423","8"
"689374","8"
"487954","9"
"570329","8"
"601882","9"
"543620","8"
"519965","8"
"411179","8"
"553339","8"
"607152","8"
"537804","8"
"650606","8"
"566592","8"
"494704","8"
"608086","8"
"574489","8"
"585768","8"
"551681","8"
"125845","9"
"600395","8"
"526540","9"
"547458","8"
"677842","8"
"520680","8"
"562398","9"
"520440","9"
"571888","8"
"523503","9"
"590397","8"
"518480","8"
"563221","8"
"485518","8"
"579040","9"
"516340","9"
"547130","8"
"629747","8"
"605945","8"
"520819","9"
"616692","9"
"637075","8"
"458725","8"
"542418","8"
"570369","8"
"698291","8"
"589311","8"
"630267","8"
"516639","8"
"576169","8"
"565915","9"
"516808","8"
"471649","8"
"542706","8"
"597946","8"
"530724","10"
"531467","8"
"524739","9"
"582326","8"
"715059","8"
"561201","8"
"586357","8"
"565768","8"
"175032","9"
"539283","8"
"553943","8"
"667536","8"
"481245","9"
"484249","8"
"551567","8"
"413418","8"
"518450","8"
"572538","8"
"522263","8"
"517787","8"
"542277","8"
"524407","8"
"542012","8"
"533449","9"
"567431","9"
"577625","8"
"533975","8"
"551473","8"
"573648","8"
"541939","8"
"580026","9"
"527524","8"
"595958","8"
"626520","8"
"521904","9"
"516744","8"
"525227","8"
"570697","8"
"525175","8"
"580460","8"
"570418","9"
"554284","8"
"679831","8"
"563853","8"
"522134","8"
"527452","8"
"595506","8"
"532774","8"
"533199","10"
"490629","8"
"478228","8"
"463783","9"
"518865","8"
"516368","8"
"550028","8"
"483928","8"
"595386","8"
"610909","8"
"565348","8"
"570215","8"
"596103","8"
"525056","8"
"542937","8"
"525879","8"
"529787","8"
"537834","8"
"557010","8"
"722939","8"
"603715","8"
"645933","9"
"619432","8"
"605878","8"
"522005","8"
"519541","8"
"537481","9"
"547568","8"
"527689","8"
"608520","8"
"561837","8"
"542815","8"
"639554","8"
"610338","8"
"596863","8"
"594875","8"
"656873","8"
"530315","9"
"620991","8"
"521392","8"
"581729","10"
"549292","8"
"499461","8"
"525176","8"
"550193","8"
"554202","8"
"534782","8"
"531456","8"
"620382","8"
"519604","8"
"514944","9"
"525804","10"
"531217","8"
"556274","8"
"560803","8"
"550599","8"
"577851","8"
"573423","8"
"555894","9"
"189676","8"
"564699","8"
"560478","10"
"634824","8"
"550572","9"
"656920","8"
"464239","8"
"494985","8"
"523771","8"
"562648","8"
"564517","8"
"523057","8"
"527354","8"
"528826","8"
"646455","8"
"633235","8"
"548560","8"
"569832","9"
"526789","8"
"609763","8"
"518135","8"
"581388","8"
"516682","8"
"649081","8"
"612175","8"
"524926","8"
"534445","8"
"568325","8"
"522086","11"
"531670","8"
"574467","8"
"533396","8"
"548185","9"
"522223","8"
"501436","8"
"549281","8"
"558659","8"
"538279","9"
"544685","8"
"590473","8"
"515688","8"
"518348","8"
"505941","8"
"555108","8"
"541612","8"
"518629","8"
"610530","8"
"616752","9"
"623750","8"
"521316","9"
"558786","9"
"522800","8"
"572632","8"
"573807","8"
"542270","9"
"536893","8"
"528542","8"
"647555","8"
"551963","8"
"522402","8"
"521818","8"
"525265","9"
"550298","8"
"540306","8"
"541752","8"
"610806","8"
"563974","8"
"523846","8"
"528413","8"
"637421","8"
"620719","8"
"570961","8"
"631384","8"
"591714","8"
"585915","8"
"625398","8"
"252835","8"
"665980","8"
"521298","8"
"543126","8"
"540656","9"
"679040","8"
"575971","8"
"524980","8"
"521986","10"
"539558","8"
"506990","8"
"520959","8"
"549313","8"
"554444","8"
"587642","8"
"630992","8"
"611852","8"
"417679","8"
"429375","8"
"548256","8"
"534499","8"
"521642","9"
"539782","9"
"545290","8"
"576373","8"
"471161","8"
"621552","8"
"516216","8"
"646424","8"
"568416","8"
"561653","8"
"566702","8"
"571610","8"
"474239","8"
"539656","10"
"532432","8"
"164522","8"
"577225","8"
"526221","8"
"548190","8"
"613941","8"
"523729","8"
"602120","8"
"545748","8"
"592833","8"
"584843","9"
"529050","8"
"537926","8"
"730639","8"
"490348","8"
"531339","9"
"529768","8"
"548310","8"
"721570","8"
"665676","8"
"527082","8"
"566749","8"
"639894","8"
"684806","8"
"562161","8"
"563375","9"
"607998","8"
"698573","8"
"524358","9"
"589630","8"
"547823","8"
"550887","9"
"524797","9"
"548961","8"
"415381","8"
"584241","8"
"543075","8"
"683014","8"
"542850","8"
"543074","8"
"527133","9"
"535878","10"
"572290","8"
"662010","8"
"537121","8"
"578866","8"
"556623","8"
"524637","8"
"642215","8"
"552165","8"
"551032","8"
"542267","8"
"530810","8"
"548189","8"
"627158","8"
"598945","8"
"710489","8"
"581005","8"
"566489","8"
"662750","9"
"792549","8"
"431746","8"
"500257","8"
"521309","8"
"516827","8"
"546857","8"
"541649","8"
"526258","9"
"646937","9"
"577074","8"
"579230","8"
"580611","8"
"519982","8"
"556391","8"
"561367","8"
"618230","8"
"601894","9"
"531795","8"
"558300","8"
"519912","8"
"528139","8"
"576966","9"
"593632","9"
"585965","8"
"557726","8"
"609243","8"
"545249","8"
"575692","8"
"617994","8"
"544449","8"
"570829","8"
"543237","8"
"556841","8"
"547693","8"
"547911","8"
"587234","9"
"640689","10"
"680424","8"
"743151","8"
"516243","8"
"558270","10"
"538666","8"
"569236","8"
"524200","8"
"517143","8"
"570666","8"
"516456","8"
"519515","8"
"532905","8"
"587233","8"
"589008","9"
"564713","8"
"562032","8"
"541539","9"
"564498","8"
"594503","8"
"568258","8"
"566455","8"
"546671","8"
"595087","8"
"565131","8"
"564620","8"
"614412","9"
"569031","9"
"554213","8"
"529940","9"
"609393","9"
"529406","9"
"538306","8"
"539528","8"
"524805","8"
"528248","8"
"462894","9"
"606060","8"
"520851","9"
"545879","8"
"630738","9"
"576922","8"
"535747","8"
"622149","8"
"530090","9"
"520405","8"
"577215","9"
"350648","8"
"577682","8"
"660894","8"
"640968","8"
"533204","8"
"559834","9"
"686408","8"
"714420","9"
"573122","8"
"669356","8"
"550222","8"
"720860","8"
"651960","8"
"617743","8"
"583664","9"
"586876","8"
"565294","8"
"532650","8"
"489802","8"
"535136","8"
"516972","8"
"541764","8"
"677209","8"
"520373","8"
"700028","8"
"533402","9"
"542914","8"
"522634","8"
"550200","8"
"668677","8"
"604840","8"
"613655","8"
"555587","8"
"659162","8"
"522585","8"
"507773","8"
"498931","8"
"598687","8"
"486751","10"
"459645","9"
"571913","8"
"535553","9"
"560468","8"
"614846","8"
"653838","8"
"626519","8"
"561156","8"
"386914","8"
"617506","8"
"526308","8"
"454616","8"
"555698","8"
"550317","8"
"518870","8"
"530739","9"
"542065","8"
"526367","8"
"576136","9"
"530665","8"
"573086","8"
"600444","8"
"616734","8"
"574987","8"
"692211","8"
"525824","9"
"636739","8"
"569530","8"
"540580","8"
"582801","8"
"532750","8"
"518334","8"
"632461","8"
"643929","8"
"605943","8"
"557262","8"
"580622","8"
"582586","8"
"549710","8"
"618266","8"
"101486","8"
"595690","8"
"400899","8"
"552642","8"
"595126","9"
"587899","8"
"552364","8"
"190866","9"
"547779","8"
"547175","8"
"542316","8"
"570837","8"
"665329","9"
"542230","10"
"527393","8"
"558395","8"
"567643","8"
"524328","8"
"560723","9"
"527801","9"
"518998","8"
"541240","8"
"497042","8"
"515802","8"
"529249","8"
"591381","8"
"525789","9"
"599437","8"
"563995","8"
"517231","8"
"503126","8"
"523392","10"
"547613","8"
"630694","8"
"547320","8"
"555710","10"
"545109","8"
"540924","8"
"578459","8"
"579792","8"
"530719","9"
"552172","8"
"591478","8"
"528839","8"
"537688","8"
"566097","8"
"592158","8"
"584787","9"
"567518","9"
"663017","9"
"545465","8"
"599348","8"
"561992","8"
"575677","9"
"645488","8"
"543696","8"
"524895","10"
"575459","8"
"517392","9"
"539337","8"
"542760","8"
"582664","8"
"526873","8"
"534179","8"
"531744","8"
"460625","9"
"529231","9"
"588386","8"
"477316","8"
"611251","8"
"556314","9"
"583764","8"
"544406","9"
"515739","8"
"453168","9"
"560374","8"
"662535","8"
"651805","8"
"592399","8"
"555751","8"
"518579","8"
"549797","8"
"486454","8"
"559758","8"
"531204","8"
"645415","8"
"519267","9"
"515478","8"
"541998","8"
"571819","8"
"581438","8"
"531562","8"
"521474","8"
"599239","10"
"515727","8"
"584034","8"
"605558","8"
"519254","8"
"559901","8"
"522201","8"
"519709","9"
"521607","8"
"517847","9"
"602962","8"
"543900","8"
"587675","8"
"514893","8"
"543327","8"
"548988","8"
"545446","8"
"518526","8"
"547594","8"
"716801","8"
"577180","8"
"518628","8"
"363535","8"
"538883","9"
"632425","9"
"626587","8"
"587134","8"
"487637","8"
"528281","8"
"531427","8"
"518931","8"
"625400","8"
"518121","9"
"543559","8"
"517653","8"
"488529","8"
"582227","8"
"551245","10"
"590103","9"
"529237","8"
"588355","8"
"559112","8"
"549580","8"
"518338","8"
"606041","8"
"623691","8"
"664084","8"
"531031","8"
"543723","8"
"530463","8"
"565275","8"
"525591","8"
"536791","8"
"547459","8"
"579714","8"
"488827","8"
"573147","8"
"560870","8"
"556647","8"
"550985","8"
"530563","8"
"582828","8"
"580515","9"
"554175","9"
"533093","9"
"661614","8"
"527280","9"
"528216","8"
"518726","8"
"508731","8"
"516420","8"
"543304","8"
"642364","8"
"595852","9"
"546881","8"
"518694","8"
"600842","8"
"519774","8"
"628762","8"
"515161","8"
"609228","8"
"619362","8"
"577255","9"
"560519","8"
"482335","9"
"522624","8"
"494590","8"
"552661","8"
"504081","10"
"611126","8"
"485658","8"
"152583","8"
"553219","9"
"565718","8"
"592221","8"
"520188","8"
"527750","8"
"546164","8"
"528193","8"
"520193","8"
"585745","8"
"527038","8"
"499780","8"
"489635","8"
"519799","8"
"664617","8"
"553967","8"
"553245","8"
"651613","10"
"598306","8"
"534604","8"
"526740","8"
"570279","8"
"530599","8"
"519412","8"
"502444","8"
"546224","8"
"527824","8"
"566861","8"
"547825","8"
"574362","8"
"523090","8"
"521408","8"
"635442","9"
"437251","8"
"523301","8"
"595123","8"
"563165","9"
"560747","8"
"616491","8"
"710523","8"
"181157","8"
"618815","8"
"647662","8"
"547150","8"
"530592","8"
"612226","8"
"555206","8"
"562238","8"
"577598","8"
"519529","8"
"516176","8"
"529023","9"
"516076","8"
"537181","8"
"714166","8"
"540348","8"
"606456","8"
"530298","9"
"563507","8"
"553876","8"
"590434","8"
"563831","9"
"538608","8"
"595122","8"
"497615","8"
"538489","8"
"518735","8"
"478533","8"
"529205","8"
"551620","8"
"542451","9"
"528827","8"
"555180","8"
"629647","8"
"546061","8"
"525996","9"
"564962","8"
"539384","8"
"524169","8"
"496074","8"
"538134","8"
"625700","9"
"522639","8"
"584247","8"
"551627","8"
"760304","8"
"528137","8"
"588414","8"
"529783","9"
"527464","9"
"559775","9"
"485891","8"
"488672","8"
"556111","8"
"550068","8"
"533464","8"
"480331","8"
"587313","8"
"517581","8"
"388947","9"
"515085","9"
"540642","8"
"487002","8"
"525716","8"
"515523","8"
"540527","8"
"530118","8"
"551166","8"
"520277","8"
"533773","8"
"521066","8"
"777366","8"
"532365","8"
"503945","8"
"599311","8"
"528164","8"
"469767","8"
"581307","9"
"542196","8"
"570224","8"
"519706","8"
"668083","8"
"540863","9"
"520877","8"
"504320","8"
"514951","8"
"522927","8"
"541262","9"
"569920","8"
"629701","8"
"528706","8"
"526668","8"
"526144","8"
"519595","8"
"560175","8"
"517205","8"
"527850","8"
"634130","8"
"557834","8"
"532390","8"
"334787","8"
"545272","8"
"519137","9"
"636524","9"
"624258","8"
"540653","8"
"523484","8"
"545344","9"
"507732","8"
"551847","8"
"518495","8"
"541454","8"
"592079","8"
"297546","8"
"631174","8"
"544497","8"
"559832","8"
"525447","9"
"538350","8"
"564593","8"
"541216","9"
"531094","8"
"525611","8"
"553805","8"
"601116","8"
"590744","8"
"524728","8"
"523231","8"
"462456","8"
"612128","8"
"546462","8"
"467809","8"
"546844","8"
"573931","8"
"473568","8"
"486823","8"
"547325","8"
"609868","8"
"575208","8"
"569243","8"
"518743","8"
"591155","8"
"586811","9"
"629803","8"
"531020","8"
"602323","9"
"534088","8"
"570750","8"
"550134","8"
"540253","8"
"518954","8"
"531844","8"
"514892","9"
"531557","8"
"552345","8"
"435596","8"
"657343","8"
"581085","8"
"386469","9"
"543816","8"
"622293","10"
"526303","8"
"540857","8"
"618063","8"
"524923","8"
"591271","9"
"229009","8"
"543668","9"
"578549","9"
"533895","8"
"559277","8"
"586077","8"
"621922","8"
"530543","8"
"811077","8"
"546072","8"
"505062","8"
"673076","9"
"525323","8"
"429345","8"
"508611","8"
"683976","8"
"624198","8"
"464673","8"
"565070","9"
"568931","8"
"171470","8"
"526203","9"
"689456","8"
"733654","8"
"578929","8"
"560991","8"
"658774","8"
"521708","8"
"474951","10"
"543728","8"
"526332","8"
"516594","8"
"528906","8"
"566059","11"
"523517","8"
"551331","8"
"539300","9"
"530240","8"
"551622","8"
"543052","8"
"591097","8"
"526970","8"
"606094","8"
"586672","8"
"328590","8"
"570600","10"
"549251","8"
"544364","9"
"569863","8"
"519335","10"
"550421","8"
"548490","8"
"541700","8"
"565791","8"
"525244","9"
"576846","8"
"617402","8"
"543952","8"
"617199","9"
"595861","8"
"667929","8"
"568716","9"
"575923","8"
"565764","8"
"533327","8"
"521768","8"
"603515","8"
"537177","9"
"548193","8"
"544507","8"
"517633","8"
"605615","8"
"627041","8"
"515271","8"
"520603","8"
"555299","8"
"565114","10"
"600078","8"
"644639","8"
"595184","8"
"544749","8"
"206011","8"
"545634","8"
"550017","8"
"533575","8"
"497915","8"
"601282","8"
"551051","8"
"695132","8"
"603053","8"
"521000","8"
"563736","8"
"381465","8"
"555075","8"
"527451","8"
"603341","9"
"541235","8"
"516620","8"
"537975","8"
"566061","8"
"505854","8"
"578824","8"
"540941","8"
"488870","9"
"618308","10"
"554155","9"
"618881","9"
"765745","8"
"581685","8"
"573011","8"
"559547","9"
"534360","8"
"542095","8"
"563340","8"
"685958","8"
"639168","8"
"564306","8"
"520436","8"
"554939","8"
"552763","8"
"727886","8"
"540652","8"
"518393","8"
"550300","9"
"542254","8"
"641364","8"
"531868","8"
"578947","8"
"563266","8"
"553743","8"
"549988","9"
"565467","8"
"646259","8"
"545652","8"
"603345","8"
"628023","8"
"581721","8"
"488099","8"
"411701","8"
"446473","8"
"380434","8"
"530468","8"
"606161","8"
"519848","9"
"486270","8"
"520054","8"
"566626","8"
"531158","8"
"665892","8"
"523866","8"
"516053","9"
"537671","8"
"516152","8"
"573841","8"
"550229","8"
"545805","8"
"518639","8"
"545939","9"
"760793","8"
"576541","8"
"531682","8"
"583623","8"
"521462","8"
"500791","8"
"654913","8"
"507273","8"
"700237","8"
"499634","9"
"539625","8"
"407275","8"
"531789","8"
"515004","8"
"619218","8"
"527365","9"
"520708","8"
"523807","8"
"617052","9"
"572609","8"
"632631","8"
"517961","8"
"676043","8"
"590420","8"
"532651","8"
"524842","9"
"530881","8"
"539307","8"
"543476","8"
"622248","8"
"575809","8"
"521286","8"
"572154","8"
"559464","8"
"524668","10"
"533656","8"
"563315","8"
"554532","8"
"582343","8"
"306819","8"
"547512","8"
"538112","9"
"526782","8"
"527995","8"
"494680","8"
"668776","8"
"556214","8"
"531834","8"
"518922","8"
"501184","8"
"526032","8"
"549850","8"
"593244","8"
"516117","9"
"597954","8"
"564258","8"
"574885","8"
"532748","8"
"472394","8"
"527046","9"
"516614","8"
"541224","8"
"585650","8"
"557508","8"
"545375","8"
"691334","8"
"538457","8"
"475467","8"
"537400","8"
"622343","8"
"531987","9"
"518074","9"
"458479","8"
"627617","8"
"519312","8"
"555135","9"
"582729","8"
"623815","8"
"488918","8"
"532106","8"
"539710","8"
"536241","8"
"542358","8"
"594240","8"
"578938","8"
"551671","8"
"541923","8"
"596222","8"
"520097","8"
"564534","8"
"521859","8"
"551340","8"
"526179","9"
"559094","8"
"550459","9"
"587601","8"
"601158","8"
"600930","8"
"555521","9"
"608039","8"
"485149","9"
"664119","8"
"609051","8"
"541041","9"
"522999","9"
"594410","8"
"480186","8"
"573378","8"
"566174","9"
"515818","8"
"563482","9"
"631993","8"
"561044","8"
"519896","9"
"566152","9"
"567563","8"
"570683","8"
"594914","8"
"546127","9"
"563059","8"
"559324","9"
"574104","8"
"563201","8"
"536672","8"
"577617","8"
"643645","8"
"526102","8"
"579971","8"
"551685","8"
"689624","8"
"529972","8"
"528522","8"
"590922","9"
"549366","8"
"609167","8"
"623077","8"
"570631","8"
"643344","9"
"541382","10"
"551042","8"
"570436","8"
"560511","8"
"520298","8"
"617990","8"
"519393","8"
"531073","9"
"541812","9"
"586038","8"
"532101","8"
"567256","9"
"558489","8"
"545264","8"
"485536","9"
"514981","8"
"535905","8"
"531777","8"
"527401","8"
"577287","8"
"505617","8"
"407434","8"
"576103","8"
"507805","8"
"633725","8"
"528965","8"
"518416","8"
"555600","8"
"505066","8"
"557879","8"
"574440","8"
"626037","8"
"739518","8"
"595414","8"
"640580","8"
"581111","8"
"492614","8"
"592958","8"
"450193","8"
"537818","8"
"395202","8"
"553231","8"
"521921","8"
"550514","8"
"575299","8"
"573010","8"
"535701","8"
"520422","8"
"618392","8"
"539012","8"
"518756","8"
"544536","8"
"521743","8"
"571015","8"
"589822","8"
"565511","8"
"521719","8"
"587195","8"
"610474","8"
"531373","9"
"595026","8"
"537659","8"
"528777","8"
"629877","8"
"657796","8"
"515684","9"
"553533","9"
"578164","8"
"603221","8"
"427506","8"
"577046","8"
"546728","8"
"565459","8"
"626558","8"
"539637","8"
"514925","8"
"604664","8"
"592082","9"
"532519","8"
"533518","8"
"569643","8"
"532710","8"
"564596","8"
"643359","8"
"585361","8"
"581086","8"
"620300","8"
"516704","8"
"485260","8"
"623087","9"
"588797","8"
"725357","8"
"575554","8"
"479524","9"
"520844","8"
"517158","8"
"568064","8"
"566992","8"
"609413","8"
"542752","9"
"519469","8"
"523841","8"
"527782","8"
"521033","8"
"519631","8"
"390811","8"
"533598","8"
"570988","8"
"569203","8"
"602827","8"
"526916","8"
"548040","8"
"446933","8"
"542976","8"
"554450","9"
"657591","8"
"527081","8"
"536467","8"
"530633","8"
"546334","8"
"543659","8"
"402978","8"
"527560","8"
"654687","9"
"667916","9"
"539414","8"
"546888","8"
"576879","8"
"441982","8"
"545404","10"
"471186","8"
"620274","8"
"557876","8"
"478760","8"
"387282","8"
"523690","8"
"540973","8"
"572728","8"
"552302","8"
"515205","8"
"616715","8"
"543713","8"
"555990","8"
"586774","8"
"520291","9"
"586953","8"
"609262","8"
"541176","8"
"592886","8"
"547342","8"
"520314","8"
"572908","8"
"538388","8"
"519419","9"
"464542","8"
"584977","8"
"517064","9"
"590379","8"
"562843","8"
"471973","8"
"554413","8"
"467892","8"
"635666","8"
"546612","8"
"520411","8"
"579950","9"
"573373","8"
"521152","9"
"522420","9"
"565460","8"
"526867","8"
"655499","8"
"500828","8"
"605607","8"
"600287","8"
"540094","8"
"593804","8"
"541193","8"
"489844","8"
"579999","8"
"534190","8"
"521663","8"
"563148","8"
"531959","8"
"529913","8"
"585722","8"
"571001","8"
"549303","8"
"540150","8"
"600163","8"
"673286","9"
"517212","9"
"547664","8"
"544469","9"
"521491","8"
"456671","8"
"521031","8"
"469464","8"
"526297","8"
"535879","8"
"556052","8"
"523756","8"
"527518","8"
"574909","8"
"609221","8"
"451674","9"
"577534","8"
"591433","8"
"684510","8"
"519859","8"
"569779","8"
"533542","9"
"573584","8"
"487101","8"
"543497","8"
"568086","8"
"584525","8"
"525864","9"
"625555","8"
"472785","8"
"616789","8"
"555030","8"
"542334","8"
"153982","8"
"503058","10"
"538270","9"
"561013","8"
"545011","8"
"523290","8"
"375160","8"
"702877","8"
"534742","8"
"517871","9"
"540415","8"
"585882","8"
"557799","9"
"660903","8"
"631787","8"
"524929","9"
"523338","9"
"515713","8"
"576040","8"
"520063","11"
"534842","8"
"594824","9"
"515891","8"
"647597","8"
"660821","8"
"582577","9"
"617458","8"
"569829","8"
"458688","9"
"532500","8"
"539304","8"
"534895","8"
"557343","8"
"569923","8"
"570862","8"
"529737","8"
"603033","8"
"613252","8"
"538131","8"
"524080","10"
"475060","8"
"529887","8"
"518324","8"
"517219","8"
"520885","8"
"539912","9"
"389759","8"
"518372","8"
"584012","8"
"540597","9"
"527541","9"
"621607","8"
"549389","8"
"558114","9"
"527150","8"
"665746","8"
"560090","8"
"519171","9"
"686445","8"
"679047","8"
"618664","9"
"741190","8"
"537861","8"
"550202","8"
"502435","8"
"661639","8"
"480313","8"
"599833","8"
"551116","8"
"578088","8"
"553220","9"
"556622","8"
"546900","8"
"620884","8"
"562612","8"
"516039","9"
"543618","8"
"522001","8"
"534840","9"
"566770","8"
"493177","8"
"716337","9"
"495482","9"
"527187","9"
"624913","8"
"550868","8"
"524046","9"
"522631","8"
"546964","8"
"502212","8"
"617964","8"
"609236","8"
"575756","8"
"577643","8"
"568984","8"
"549466","8"
"532259","8"
"746934","8"
"514810","8"
"551662","8"
"594985","8"
"519893","9"
"538681","9"
"527346","8"
"581901","8"
"663376","8"
"444387","8"
"561243","8"
"569733","8"
"583200","8"
"601917","8"
"474384","8"
"557525","8"
"641102","8"
"553208","9"
"619079","8"
"565301","8"
"627475","8"
"563882","8"
"500532","8"
"306165","8"
"570930","9"
"552088","8"
"517819","8"
"518907","8"
"735029","8"
"607028","8"
"539936","9"
"516004","9"
"572870","8"
"524226","8"
"523335","8"
"560495","8"
"548022","8"
"523158","8"
"683663","8"
"550442","8"
"748759","8"
"603809","9"
"632749","8"
"564377","8"
"523877","8"
"528372","8"
"570226","8"
"634601","9"
"517622","8"
"579589","8"
"538167","9"
"531931","8"
"585522","8"
"516418","8"
"607626","8"
"544002","8"
"559981","8"
"543976","9"
"645939","8"
"541084","9"
"379543","8"
"551237","8"
"516089","8"
"557932","8"
"530656","8"
"534747","9"
"542796","8"
"448295","8"
"656346","8"
"348817","8"
"565935","8"
"516556","8"
"606290","10"
"728820","8"
"515580","8"
"409073","8"
"518211","9"
"546064","8"
"531447","8"
"557963","8"
"538188","8"
"561386","8"
"547164","8"
"523465","8"
"527783","8"
"656708","8"
"518696","8"
"229330","8"
"614033","8"
"527219","8"
"621081","9"
"508713","8"
"392453","8"
"626114","8"
"542326","8"
"562641","8"
"561503","8"
"599765","8"
"535746","8"
"574150","8"
"643469","8"
"532866","8"
"537580","8"
"502353","8"
"593386","8"
"499969","8"
"553139","9"
"693301","9"
"528942","8"
"395981","8"
"590404","8"
"549141","8"
"547181","8"
"539953","8"
"590967","9"
"579829","8"
"552623","8"
"594695","8"
"571639","9"
"577007","8"
"551935","8"
"516789","8"
"567458","8"
"542605","8"
"583336","9"
"566432","9"
"573191","8"
"524861","9"
"564737","8"
"531386","8"
"598185","8"
"405305","9"
"548635","8"
"542918","8"
"531198","9"
"521963","8"
"570346","8"
"490576","8"
"490040","8"
"577044","9"
"611954","8"
"602769","9"
"523686","8"
"516296","10"
"713557","8"
"548228","8"
"570654","8"
"542825","8"
"536594","9"
"539671","8"
"522523","8"
"536000","8"
"506130","11"
"570692","8"
"536656","9"
"586124","8"
"541168","8"
"354950","8"
"584288","9"
"559226","8"
"521885","8"
"521004","8"
"522233","8"
"516833","8"
"525106","8"
"532730","8"
"568155","8"
"488865","8"
"595527","8"
"498287","8"
"532989","9"
"560739","8"
"629345","9"
"521331","10"
"518716","8"
"567448","10"
"588677","8"
"528735","9"
"518866","8"
"565109","8"
"553151","8"
"500974","8"
"615307","8"
"584531","8"
"489575","9"
"515639","9"
"607799","8"
"638140","8"
"438985","8"
"588560","8"
"496332","8"
"502847","8"
"483224","8"
"526858","8"
"584423","8"
"558513","8"
"515947","8"
"536278","9"
"525415","9"
"669155","8"
"577915","8"
"529362","9"
"610226","8"
"590843","8"
"557033","8"
"638874","8"
"487680","9"
"536135","8"
"524807","8"
"529309","8"
"501897","8"
"618088","8"
"530213","9"
"606762","8"
"521814","8"
"583499","8"
"546130","9"
"695557","8"
"542805","8"
"534798","8"
"577386","8"
"499751","9"
"543928","8"
"516806","8"
"742639","8"
"536058","8"
"448025","8"
"584875","8"
"522943","9"
"517700","8"
"525034","8"
"554724","8"
"554141","9"
"592598","8"
"607017","8"
"526036","8"
"555796","8"
"583038","8"
"635576","9"
"548230","8"
"592035","9"
"532721","8"
"546688","8"
"563773","8"
"639009","8"
"523887","8"
"586762","8"
"690420","8"
"537586","8"
"561054","9"
"568371","8"
"565365","8"
"543008","8"
"584530","8"
"777846","8"
"535495","8"
"564434","8"
"542027","8"
"517549","9"
"570291","9"
"517579","8"
"567245","8"
"635303","8"
"722828","8"
"516862","8"
"506013","8"
"552363","8"
"569170","8"
"516301","8"
"533550","8"
"515229","9"
"488246","8"
"580902","9"
"609817","8"
"622418","8"
"522427","8"
"638237","9"
"582903","9"
"533117","8"
"519285","8"
"587470","8"
"539611","8"
"603883","8"
"571348","8"
"567211","8"
"517284","9"
"632866","8"
"516150","8"
"547663","8"
"569082","8"
"523526","10"
"597510","8"
"752933","8"
"546648","8"
"522179","8"
"543885","10"
"551978","8"
"522788","8"
"600351","8"
"526239","9"
"540664","8"
"529734","8"
"562587","8"
"530196","8"
"548568","9"
"624636","8"
"502799","8"
"555499","8"
"515514","8"
"535994","8"
"529677","8"
"516765","8"
"450305","8"
"515908","8"
"462127","8"
"525671","8"
"538788","8"
"644438","8"
"527690","8"
"566815","8"
"528411","8"
"542303","8"
"565755","8"
"547006","8"
"538511","8"
"559782","8"
"514926","8"
"524913","9"
"495080","8"
"546509","8"
"525631","8"
"571233","8"
"514867","8"
"531016","8"
"635861","8"
"679066","8"
"432637","8"
"541516","8"
"381259","8"
"560733","8"
"600926","8"
"537560","8"
"590981","8"
"530607","8"
"547336","9"
"354260","8"
"516144","9"
"651744","8"
"650055","8"
"547453","8"
"539243","8"
"600515","9"
"540413","8"
"533492","8"
"542857","8"
"523800","8"
"595740","8"
"596409","8"
"502850","8"
"532225","8"
"565240","8"
"483483","8"
"559211","8"
"590123","8"
"593786","8"
"576370","8"
"542036","8"
"527987","9"
"486605","8"
"533248","8"
"491772","8"
"525761","9"
"550830","8"
"515941","8"
"618759","8"
"539864","8"
"515436","8"
"546161","8"
"526959","8"
"529214","8"
"569364","8"
"551431","9"
"534586","8"
"495029","9"
"566336","8"
"519554","9"
"756030","8"
"652737","8"
"524834","8"
"557449","8"
"608478","8"
"568004","8"
"581679","8"
"555186","8"
"520861","9"
"577901","8"
"577410","8"
"559995","8"
"547266","8"
"526901","9"
"606648","8"
"620972","8"
"160754","8"
"550455","8"
"616718","9"
"524766","9"
"551486","9"
"671999","8"
"568790","8"
"670626","8"
"535644","10"
"522970","8"
"529488","9"
"580402","8"
"575433","8"
"557992","9"
"571363","8"
"564112","8"
"552384","8"
"576231","8"
"582484","8"
"629812","8"
"547836","8"
"583070","8"
"520696","8"
"644467","8"
"521212","8"
"524644","8"
"582319","8"
"591746","8"
"699040","8"
"535600","8"
"558147","8"
"541282","10"
"552613","8"
"583486","9"
"573493","9"
"530585","8"
"521293","8"
"538441","8"
"515735","9"
"528061","8"
"312488","8"
"502819","8"
"597434","8"
"590697","8"
"523913","8"
"559520","9"
"539460","8"
"541083","8"
"562814","8"
"521785","9"
"549584","8"
"579275","8"
"356046","8"
"516351","8"
"520934","9"
"343928","8"
"533211","8"
"599790","8"
"567172","8"
"701565","8"
"532426","10"
"540605","8"
"525410","8"
"560529","8"
"568105","8"
"594948","8"
"613386","8"
"522745","8"
"521514","8"
"597948","8"
"560948","8"
"463867","8"
"525722","9"
"504133","8"
"593833","9"
"536488","8"
"576945","8"
"544476","8"
"566096","8"
"567219","8"
"553633","9"
"540502","8"
"635249","8"
"524057","8"
"614311","8"
"500243","9"
"530666","8"
"692510","8"
"566312","8"
"559787","9"
"521109","8"
"547834","8"
"521434","8"
"523228","8"
"577638","9"
"560245","9"
"615881","8"
"602925","9"
"558919","8"
"548672","8"
"656471","8"
"633183","8"
"618181","8"
"520558","8"
"517491","8"
"568182","8"
"518711","9"
"516516","9"
"585832","8"
"545327","8"
"521235","8"
"577541","8"
"603296","8"
"649378","8"
"515529","8"
"603278","8"
"559465","8"
"549572","8"
"544008","8"
"550233","8"
"536039","8"
"676570","8"
"550703","8"
"647638","8"
"567548","9"
"528379","8"
"579846","8"
"606635","8"
"521282","8"
"527321","8"
"616125","8"
"585717","8"
"546307","9"
"583166","9"
"664401","8"
"560291","8"
"535502","9"
"490517","8"
"543671","9"
"503042","8"
"515182","8"
"560341","8"
"539105","9"
"542482","8"
"489096","8"
"544472","8"
"516571","8"
"508050","8"
"533302","8"
"614828","8"
"717546","8"
"564430","8"
"600605","8"
"573988","8"
"486046","8"
"536034","8"
"651269","9"
"556043","8"
"521070","9"
"636078","8"
"522118","8"
"527605","8"
"204997","8"
"531471","9"
"654259","8"
"532835","8"
"544549","8"
"498363","8"
"570639","9"
"457468","8"
"552597","8"
"536066","9"
"593047","10"
"566875","8"
"532544","8"
"549450","8"
"564234","9"
"338086","8"
"558437","10"
"557307","8"
"522438","8"
"567824","8"
"542795","8"
"739734","8"
"623850","8"
"451291","9"
"528828","8"
"570601","8"
"527886","10"
"516061","8"
"590829","8"
"637687","8"
"489852","8"
"602793","8"
"491182","9"
"524682","8"
"542812","9"
"539221","8"
"536469","8"
"611031","8"
"516375","9"
"535896","8"
"523700","8"
"587304","8"
"573939","8"
"443305","8"
"552506","8"
"536489","8"
"565212","8"
"551729","8"
"530383","8"
"317688","8"
"554681","8"
"547792","8"
"535266","9"
"597010","8"
"537098","8"
"565902","8"
"545848","8"
"675594","8"
"527467","8"
"522441","8"
"547559","8"
"563896","8"
"515953","8"
"552760","8"
"657514","8"
"693765","8"
"530833","9"
"531921","9"
"567478","9"
"515490","9"
"598233","8"
"676762","8"
"532233","9"
"570713","8"
"633314","8"
"531568","8"
"576369","8"
"521657","8"
"569883","9"
"524151","8"
"626067","8"
"659360","8"
"674375","8"
"502995","9"
"599065","8"
"540043","8"
"589259","8"
"521720","8"
"517931","9"
"528657","8"
"559176","8"
"535003","9"
"583120","8"
"542670","8"
"499990","8"
"549235","9"
"533742","8"
"559093","8"
"631477","9"
"530687","8"
"534040","8"
"665397","8"
"557562","8"
"527326","9"
"632988","8"
"531144","8"
"709630","8"
"506807","8"
"573588","8"
"611371","8"
"573153","8"
"596329","9"
"539135","8"
"564252","8"
"594103","8"
"540475","8"
"485591","8"
"517596","9"
"618418","8"
"558362","8"
"627176","8"
"630039","8"
"448154","8"
"763792","8"
"548032","8"
"560672","8"
"650901","8"
"500299","8"
"541389","9"
"611839","8"
"503161","9"
"550973","10"
"516763","8"
"568385","8"
"565076","8"
"496408","10"
"525684","8"
"533187","8"
"524606","8"
"517772","8"
"523073","8"
"658234","8"
"522171","8"
"626329","8"
"732729","8"
"588732","8"
"540622","8"
"628033","8"
"500745","8"
"539917","8"
"575092","8"
"520619","8"
"566735","8"
"516433","9"
"569107","8"
"600648","8"
"529224","8"
"602478","8"
"502412","8"
"604916","8"
"519446","8"
"562894","8"
"539794","8"
"579021","8"
"524214","8"
"605096","8"
"671066","8"
"565464","8"
"530645","8"
"568917","8"
"541672","9"
"672009","8"
"567961","8"
"508512","8"
"756434","8"
"550752","10"
"526925","8"
"533411","8"
"586270","9"
"532388","8"
"606568","8"
"324191","8"
"588313","8"
"653724","8"
"532258","8"
"573420","8"
"475130","8"
"653281","8"
"499252","8"
"586471","8"
"568773","10"
"598533","8"
"407642","8"
"646405","8"
"563254","8"
"524448","8"
"635375","8"
"431337","8"
"547857","9"
"528967","8"
"524650","9"
"543038","8"
"527396","9"
"553631","9"
"572133","8"
"567849","8"
"592132","8"
"518127","8"
"539627","8"
"656422","8"
"661697","8"
"525515","8"
"614111","8"
"595626","8"
"571940","9"
"374340","9"
"548488","8"
"589539","8"
"518527","8"
"519853","8"
"503973","9"
"545063","8"
"568078","8"
"780167","8"
"583446","8"
"468106","8"
"526950","8"
"551549","8"
"561033","8"
"567195","8"
"535149","8"
"583023","8"
"539919","8"
"525102","8"
"559266","8"
"538147","8"
"477730","8"
"579065","8"
"518516","11"
"554853","8"
"678888","9"
"566032","8"
"549115","8"
"705984","8"
"693729","8"
"612002","9"
"608866","8"
"555257","8"
"446124","8"
"566338","8"
"566424","8"
"573365","8"
"613383","8"
"565387","8"
"596320","9"
"604688","8"
"553955","8"
"536622","8"
"525089","9"
"517397","8"
"556127","8"
"563483","9"
"637633","8"
"557108","8"
"494630","9"
"529704","9"
"545770","9"
"642679","8"
"543666","8"
"516528","8"
"636966","8"
"548474","8"
"486113","8"
"552473","8"
"522111","8"
"565265","8"
"552649","8"
"579804","8"
"600690","9"
"652190","8"
"584549","11"
"281952","8"
"519769","8"
"602921","8"
"552945","8"
"538538","8"
"546256","8"
"562529","8"
"558466","9"
"249521","8"
"568605","8"
"603875","8"
"523657","8"
"528378","8"
"573237","8"
"620033","9"
"547301","8"
"583612","9"
"549764","8"
"540180","8"
"656150","8"
"519532","9"
"645047","8"
"536099","8"
"529678","9"
"571637","8"
"531926","8"
"541259","8"
"549202","8"
"560796","8"
"518541","8"
"597003","9"
"517967","8"
"652416","8"
"534564","9"
"533404","8"
"579547","8"
"529422","8"
"565280","8"
"556887","8"
"597878","8"
"495042","8"
"518422","8"
"707260","8"
"586936","8"
"595587","8"
"661930","8"
"544207","8"
"651030","8"
"524001","8"
"537795","8"
"516647","8"
"566275","8"
"527253","8"
"621072","8"
"554885","8"
"535081","8"
"566682","8"
"353694","8"
"573719","8"
"565419","8"
"570162","8"
"576668","9"
"548120","9"
"526084","8"
"561331","8"
"535686","9"
"571200","9"
"590659","8"
"438995","8"
"424553","8"
"387783","8"
"538108","8"
"519596","8"
"592118","8"
"556824","8"
"533527","8"
"561846","8"
"559345","8"
"654233","8"
"596442","8"
"528567","8"
"556015","8"
"485780","8"
"520244","8"
"627893","8"
"520719","8"
"566456","8"
"531803","8"
"543339","8"
"522937","8"
"592366","9"
"607350","8"
"594042","9"
"555773","8"
"640867","9"
"519089","8"
"527075","8"
"564101","8"
"560978","8"
"521127","9"
"537595","8"
"648990","9"
"518747","8"
"581461","8"
"582002","8"
"545317","9"
"534703","8"
"532064","8"
"531625","8"
"627518","8"
"532119","8"
"524849","8"
"519191","8"
"586312","8"
"500646","8"
"552809","8"
"94883","8"
"550711","8"
"560085","8"
"530421","9"
"593719","8"
"538919","8"
"574116","8"
"538216","8"
"632475","8"
"204943","8"
"525920","8"
"667718","8"
"520539","8"
"549390","8"
"520530","8"
"657629","8"
"516939","8"
"694265","8"
"544698","8"
"523819","8"
"683978","8"
"354050","8"
"575055","9"
"520177","10"
"599657","8"
"545865","8"
"525842","8"
"559661","8"
"545115","8"
"532711","9"
"592372","8"
"585138","8"
"566625","9"
"569342","8"
"581666","8"
"515168","9"
"544444","8"
"491995","8"
"546702","8"
"436894","8"
"540252","8"
"525546","8"
"532568","8"
"500493","8"
"620453","8"
"452594","8"
"539648","8"
"531824","9"
"541034","8"
"632136","8"
"619321","8"
"380436","8"
"535311","9"
"651491","8"
"521509","8"
"519079","8"
"566614","8"
"567778","8"
"527726","8"
"548272","8"
"549472","8"
"542059","8"
"544595","8"
"612812","8"
"538638","8"
"359653","8"
"562428","8"
"536532","8"
"476436","8"
"562516","8"
"528242","9"
"590040","8"
"552861","8"
"521943","8"
"538413","9"
"538074","8"
"549631","9"
"523146","8"
"556347","8"
"536695","8"
"535595","8"
"503918","8"
"517735","8"
"721552","8"
"557118","9"
"541357","8"
"641106","8"
"584217","8"
"585187","8"
"454264","8"
"587373","8"
"535398","8"
"519885","8"
"516697","8"
"589404","8"
"517119","8"
"544043","10"
"574493","9"
"529428","8"
"459486","9"
"528661","8"
"582320","9"
"558852","9"
"599651","9"
"522062","8"
"525389","9"
"531857","9"
"463652","8"
"505747","8"
"468409","8"
"515243","8"
"490671","9"
"523768","8"
"607931","8"
"539566","8"
"526727","9"
"519114","8"
"636251","8"
"571580","8"
"541236","8"
"536343","8"
"552192","8"
"600018","8"
"565912","9"
"541906","8"
"602190","8"
"589414","8"
"517825","8"
"559148","8"
"625030","8"
"567061","8"
"546065","8"
"587802","9"
"545755","8"
"668172","8"
"519313","8"
"523546","8"
"515831","8"
"524484","8"
"583297","8"
"640715","8"
"537470","8"
"549608","9"
"609800","9"
"530873","8"
"557672","8"
"547483","8"
"571300","8"
"536876","8"
"577216","8"
"521695","9"
"518896","8"
"524313","8"
"519905","8"
"655022","8"
"519383","9"
"519260","8"
"570821","8"
"628653","8"
"590163","9"
"586656","9"
"531344","8"
"561798","8"
"556138","8"
"543428","8"
"520175","8"
"684543","8"
"522115","8"
"594892","8"
"659744","8"
"553984","8"
"514876","8"
"524036","8"
"422066","8"
"555418","8"
"519140","8"
"501322","9"
"610492","8"
"623972","8"
"561353","8"
"555203","9"
"618429","8"
"474278","8"
"548990","8"
"524012","8"
"521009","10"
"586803","8"
"558987","8"
"507753","8"
"535682","8"
"538214","9"
"552313","8"
"530365","8"
"581835","8"
"609720","8"
"567432","8"
"414128","9"
"534594","8"
"517839","8"
"572744","8"
"538069","8"
"531006","9"
"550110","9"
"566996","8"
"532705","8"
"581269","8"
"592491","8"
"555818","8"
"562416","9"
"525022","8"
"520265","8"
"573922","8"
"632665","8"
"497475","8"
"588526","8"
"530322","8"
"565514","9"
"592445","8"
"551560","8"
"633406","8"
"532912","8"
"563425","8"
"533846","8"
"631975","8"
"521170","8"
"489730","8"
"678536","8"
"721496","8"
"626645","8"
"556830","8"
"452034","8"
"523395","8"
"560627","9"
"536313","8"
"559164","8"
"497077","8"
"530223","8"
"643714","8"
"522532","8"
"547606","8"
"559794","8"
"522738","8"
"547997","8"
"570242","8"
"552929","8"
"542585","8"
"531255","8"
"524722","8"
"562869","8"
"517356","8"
"565565","8"
"611583","8"
"554949","8"
"537776","8"
"529216","8"
"516290","8"
"528816","8"
"531971","8"
"548307","8"
"564588","8"
"562585","8"
"519787","9"
"605136","8"
"106907","8"
"610395","8"
"482811","8"
"566366","9"
"545012","8"
"642820","8"
"560195","8"
"174997","8"
"610144","8"
"570330","9"
"597410","8"
"618780","8"
"605439","8"
"523938","8"
"539146","8"
"590227","8"
"612562","8"
"547817","8"
"476665","8"
"563598","9"
"570219","8"
"433339","8"
"652003","8"
"567114","8"
"522607","8"
"559936","8"
"688600","8"
"520141","8"
"557236","8"
"576691","8"
"533809","10"
"561908","9"
"585169","8"
"574603","8"
"530797","8"
"547862","8"
"517445","9"
"549058","8"
"613275","10"
"549992","8"
"533573","8"
"536490","8"
"574071","8"
"522152","8"
"595442","8"
"565056","8"
"553607","9"
"500773","8"
"536843","8"
"530801","8"
"531475","9"
"519694","8"
"533378","8"
"566964","8"
"551501","8"
"538139","8"
"560065","10"
"638598","8"
"608970","8"
"624593","8"
"565949","8"
"594601","8"
"563711","9"
"573244","8"
"564369","8"
"576833","8"
"582190","8"
"540966","9"
"544425","8"
"564604","9"
"581770","8"
"516132","9"
"562490","8"
"220725","9"
"555310","8"
"609240","8"
"528528","8"
"516127","8"
"586701","8"
"530950","8"
"526905","8"
"584185","8"
"579307","9"
"540718","8"
"372970","8"
"521925","8"
"529501","8"
"520745","8"
"522513","8"
"591063","8"
"577921","8"
"644784","8"
"527455","8"
"548853","8"
"642344","8"
"532627","8"
"543240","8"
"608343","8"
"579323","8"
"519368","9"
"522323","8"
"543826","8"
"539453","8"
"600011","8"
"582995","8"
"524278","8"
"607270","8"
"645664","8"
"476393","8"
"527359","8"
"589812","8"
"550579","8"
"415581","8"
"528690","9"
"584998","8"
"572826","8"
"531512","8"
"618201","8"
"652359","9"
"523824","10"
"555770","8"
"597029","8"
"546190","9"
"664998","8"
"550796","8"
"517732","8"
"555782","8"
"523299","8"
"182191","8"
"118043","8"
"536431","8"
"560888","9"
"515985","9"
"525844","8"
"522457","8"
"606362","8"
"576612","8"
"535155","8"
"515835","8"
"604804","8"
"736075","8"
"554609","8"
"675201","8"
"576663","8"
"521404","8"
"655051","8"
"676707","8"
"559469","8"
"540666","9"
"526729","8"
"667299","9"
"685594","8"
"515306","9"
"641310","8"
"528936","8"
"641537","8"
"556199","8"
"550627","9"
"703333","9"
"527984","8"
"596820","8"
"551430","8"
"535702","8"
"563787","8"
"569472","8"
"535135","8"
"528020","8"
"557569","8"
"537770","8"
"573704","8"
"517571","8"
"571251","8"
"553361","8"
"594123","8"
"529436","8"
"492497","8"
"546419","8"
"532535","8"
"551282","8"
"571864","8"
"569788","8"
"711391","9"
"557282","8"
"540698","8"
"574680","8"
"655166","8"
"589140","8"
"540654","8"
"542153","8"
"559228","8"
"536228","9"
"538349","8"
"551914","8"
"530277","8"
"519392","8"
"534697","9"
"516739","8"
"720819","8"
"647862","9"
"604355","8"
"519943","9"
"527001","8"
"566726","8"
"610670","8"
"480690","8"
"696475","8"
"516965","9"
"454920","8"
"582768","8"
"612685","8"
"563100","8"
"602734","8"
"689037","8"
"526913","8"
"517675","8"
"533613","9"
"541540","8"
"537289","8"
"521658","9"
"587577","8"
"573291","8"
"517743","8"
"546399","8"
"589650","8"
"544640","8"
"707525","8"
"520902","9"
"571523","8"
"519664","8"
"541132","8"
"540733","8"
"547412","8"
"528829","8"
"523715","8"
"546121","8"
"640649","8"
"555326","9"
"563735","8"
"493718","9"
"586063","8"
"492211","8"
"538780","9"
"525379","8"
"605004","8"
"604982","8"
"519626","8"
"583052","8"
"542471","8"
"547180","8"
"594000","8"
"551210","8"
"527141","8"
"554956","8"
"516057","8"
"528461","8"
"533859","8"
"581385","8"
"549800","8"
"545300","8"
"536675","8"
"577930","8"
"539510","10"
"590400","8"
"593401","8"
"538641","9"
"597300","8"
"626249","8"
"540557","8"
"423042","8"
"491617","9"
"598265","8"
"651201","8"
"587538","9"
"581595","9"
"525043","9"
"560273","8"
"547617","9"
"563052","8"
"551217","8"
"528500","8"
"750982","8"
"550221","9"
"502063","8"
"583976","8"
"549759","8"
"539729","8"
"465531","8"
"550804","8"
"605619","8"
"377069","8"
"416580","8"
"525405","8"
"547878","8"
"568121","8"
"535610","8"
"605308","8"
"546882","8"
"681050","8"
"535983","8"
"639458","8"
"638565","8"
"525201","8"
"566008","10"
"478003","10"
"561326","8"
"586344","8"
"540777","10"
"515030","8"
"555301","8"
"523513","8"
"523746","8"
"517370","8"
"519548","8"
"477805","8"
"558204","8"
"441200","8"
"525488","10"
"554961","8"
"616086","8"
"537748","8"
"608764","8"
"524211","8"
"522265","8"
"618642","8"
"504892","8"
"570626","8"
"647804","8"
"538703","8"
"579503","8"
"592403","8"
"522286","8"
"664405","8"
"572214","8"
"568013","9"
"572106","8"
"515974","8"
"518092","8"
"555193","8"
"539317","9"
"519059","8"
"526490","8"
"561687","8"
"653852","8"
"437549","8"
"726953","8"
"558920","9"
"535229","8"
"534607","9"
"767426","8"
"443598","8"
"610280","9"
"530673","8"
"518219","8"
"476270","8"
"567950","8"
"678547","8"
"578511","9"
"283325","8"
"559146","8"
"606333","8"
"554560","8"
"522944","8"
"593398","8"
"388328","9"
"549714","8"
"526435","8"
"526855","10"
"604617","8"
"520225","8"
"684764","8"
"538696","8"
"567682","8"
"535734","8"
"526492","9"
"555852","9"
"518196","8"
"573189","8"
"539866","8"
"557762","9"
"518281","8"
"527508","8"
"637086","9"
"520182","8"
"614918","8"
"498500","8"
"526154","8"
"642553","8"
"679611","8"
"544256","9"
"427426","8"
"536810","9"
"496273","9"
"611087","9"
"550460","8"
"636102","8"
"464080","8"
"515013","8"
"796032","8"
"582254","8"
"571243","9"
"428552","8"
"538691","8"
"525734","8"
"615749","8"
"558388","8"
"542638","8"
"544747","8"
"522276","8"
"519211","8"
"636874","8"
"525168","9"
"550904","9"
"590558","9"
"541497","8"
"541931","8"
"431602","8"
"536691","8"
"549515","8"
"596505","8"
"516118","9"
"535447","9"
"635300","8"
"598715","8"
"562209","8"
"421247","8"
"354311","8"
"526872","8"
"630178","9"
"591582","8"
"531620","8"
"587753","8"
"529332","9"
"524880","8"
"555492","8"
"619615","8"
"426478","8"
"699411","8"
"627451","8"
"533827","8"
"582979","9"
"556673","8"
"551990","9"
"576366","8"
"586384","8"
"522687","10"
"522184","9"
"541901","8"
"544513","8"
"518406","8"
"576785","8"
"577984","8"
"488314","8"
"535060","8"
"575233","8"
"515103","8"
"526079","8"
"528046","8"
"521883","9"
"521186","8"
"558202","8"
"538714","8"
"581091","8"
"416319","8"
"691546","8"
"528683","9"
"535441","8"
"521956","8"
"561950","9"
"647016","8"
"648201","8"
"555058","8"
"586192","8"
"531615","8"
"399799","8"
"559461","8"
"475531","9"
"542570","8"
"517393","8"
"616222","9"
"617125","8"
"559407","8"
"519725","8"
"593385","8"
"480796","8"
"534939","8"
"514953","9"
"525615","8"
"518443","8"
"557248","9"
"589758","8"
"525234","8"
"669329","8"
"589995","8"
"582038","9"
"552487","8"
"547201","8"
"546470","8"
"524251","9"
"770252","8"
"616518","9"
"624762","8"
"646257","8"
"473402","8"
"516578","8"
"531361","8"
"577381","8"
"523842","8"
"540974","8"
"541047","8"
"499979","10"
"439052","9"
"611065","8"
"565377","8"
"557794","8"
"587459","8"
"584912","8"
"543222","8"
"515751","8"
"535706","8"
"650049","8"
"528421","8"
"591599","8"
"682247","9"
"616470","8"
"581120","8"
"564182","8"
"522373","8"
"662596","8"
"547555","9"
"524038","8"
"516251","8"
"576272","8"
"534082","8"
"529566","9"
"530278","8"
"519210","9"
"623941","8"
"522898","8"
"529801","8"
"522445","9"
"531322","9"
"535885","8"
"589154","8"
"532279","8"
"560949","8"
"445515","8"
"548743","9"
"555277","9"
"535625","8"
"621085","8"
"610306","8"
"565251","9"
"540708","8"
"555934","9"
"573249","8"
"258451","8"
"557692","9"
"583759","8"
"665593","8"
"549569","8"
"571561","9"
"525647","8"
"631319","8"
"608860","8"
"526676","8"
"584030","8"
"573926","8"
"515778","8"
"629952","8"
"659128","8"
"521259","8"
"558251","8"
"545360","8"
"679442","8"
"492287","9"
"549361","8"
"442819","8"
"563253","8"
"590130","8"
"542657","8"
"593020","8"
"541289","8"
"571525","8"
"534986","8"
"563012","8"
"545518","8"
"535637","8"
"525769","8"
"547776","8"
"538260","8"
"545936","8"
"714504","8"
"600561","8"
"590095","8"
"607706","8"
"603635","8"
"540444","8"
"386255","8"
"602953","10"
"539883","9"
"461791","9"
"558138","8"
"555191","9"
"557134","8"
"594027","8"
"544391","8"
"528580","9"
"551088","9"
"556119","8"
"535737","8"
"521997","8"
"521992","9"
"569150","8"
"569239","8"
"619983","8"
"515610","8"
"603592","8"
"498857","8"
"524180","8"
"621811","8"
"526837","8"
"527945","8"
"542658","8"
"591003","8"
"595624","9"
"529510","8"
"666942","8"
"515124","8"
"563679","9"
"530811","8"
"597734","8"
"556215","9"
"536229","8"
"528723","8"
"516561","9"
"536995","8"
"533759","8"
"571208","8"
"494382","8"
"622464","8"
"539426","9"
"545803","9"
"228195","9"
"546282","10"
"523273","8"
"585248","8"
"553751","8"
"458814","8"
"602433","8"
"585585","8"
"541352","8"
"508546","8"
"631388","8"
"454430","8"
"565582","8"
"542142","9"
"516211","8"
"690422","8"
"539962","8"
"483982","8"
"515502","9"
"543660","8"
"565841","8"
"575500","8"
"554753","9"
"517803","8"
"583087","8"
"515409","8"
"557643","8"
"608296","8"
"575253","8"
"541150","9"
"583931","8"
"645685","8"
"276512","8"
"559712","9"
"525806","8"
"578503","8"
"531500","8"
"546864","8"
"577626","9"
"583342","8"
"503928","8"
"581365","8"
"566279","8"
"382533","8"
"543306","8"
"536782","8"
"518191","9"
"561037","8"
"539868","8"
"526378","8"
"528995","8"
"548872","8"
"536951","8"
"101961","8"
"555850","8"
"608629","8"
"619918","8"
"525529","8"
"524615","8"
"572489","8"
"527406","8"
"523030","8"
"614549","8"
"544627","8"
"531654","8"
"607949","8"
"548113","8"
"549152","8"
"559918","8"
"541734","8"
"532622","8"
"570928","8"
"544694","8"
"528953","8"
"539338","8"
"526409","8"
"560854","9"
"614933","8"
"582636","9"
"630176","8"
"528158","8"
"534254","9"
"522387","8"
"521201","8"
"516283","9"
"545633","8"
"562148","8"
"650079","8"
"645022","8"
"497680","8"
"518963","8"
"529338","8"
"560433","8"
"528105","8"
"631448","8"
"640849","8"
"576765","8"
"609230","8"
"594449","8"
"597836","8"
"572479","8"
"564616","9"
"520804","8"
"531009","8"
"552414","8"
"516282","8"
"575964","10"
"619109","8"
"552535","8"
"529424","9"
"518971","9"
"361459","8"
"603160","8"
"524663","8"
"517898","8"
"561864","8"
"541735","8"
"608823","8"
"553791","8"
"607280","8"
"544012","8"
"582796","9"
"583490","8"
"582723","9"
"568167","8"
"516590","9"
"515565","8"
"520327","8"
"562417","8"
"557476","8"
"496566","8"
"537723","8"
"521748","9"
"530385","8"
"549377","8"
"681581","8"
"531431","8"
"501735","8"
"531739","8"
"577944","8"
"532063","9"
"555648","9"
"615006","8"
"550506","8"
"705215","8"
"541249","8"
"551665","8"
"555997","8"
"602946","8"
"520106","8"
"504610","8"
"597955","8"
"498665","8"
"598590","8"
"586732","8"
"465731","8"
"588970","8"
"594238","8"
"519348","8"
"649080","8"
"533129","8"
"539669","8"
"527507","8"
"576712","8"
"518041","8"
"582833","8"
"439120","8"
"544254","8"
"611177","9"
"550426","9"
"531771","8"
"637457","8"
"553690","8"
"648852","8"
"535365","8"
"613442","8"
"543114","8"
"672468","8"
"554670","8"
"547037","8"
"548093","8"
"541438","9"
"547007","8"
"555712","8"
"551359","8"
"649208","8"
"413340","8"
"597662","8"
"589405","8"
"625984","8"
"532843","8"
"539315","9"
"568060","8"
"526711","8"
"599335","8"
"536764","8"
"549320","8"
"524473","8"
"521343","9"
"524167","8"
"530514","9"
"520527","8"
"528744","8"
"572932","8"
"551600","8"
"697072","8"
"605776","8"
"613921","9"
"543927","8"
"608725","8"
"497225","8"
"774666","8"
"568513","10"
"538814","8"
"477285","8"
"570021","8"
"516287","9"
"535341","9"
"347778","9"
"546884","8"
"565573","9"
"561896","8"
"563342","8"
"533155","8"
"582011","8"
"541999","9"
"609673","8"
"520532","9"
"549938","8"
"517033","8"
"582241","8"
"500972","8"
"552775","8"
"534295","9"
"546050","9"
"581858","8"
"564219","9"
"580077","8"
"521044","9"
"528842","8"
"484418","8"
"653640","8"
"536387","9"
"600057","8"
"648983","9"
"558838","9"
"624215","8"
"584459","8"
"517131","8"
"523511","8"
"586644","8"
"583335","8"